fips,jan_avg_vmt
01001,1632677
01003,6909677
01005,1054806
01007,688548
01009,1654516
01011,295580
01013,1272129
01015,4475483
01017,856516
01019,689645
01021,1553870
01023,493258
01025,791258
01027,346516
01029,596935
01031,1690967
01033,2074516
01035,724032
01037,278354
01039,1376645
01041,483032
01043,2740967
01045,1559838
01047,862967
01049,1744838
01051,2869354
01053,1397193
01055,2955483
01057,490548
01059,1064387
01061,772000
01063,547387
01065,338774
01067,563612
01069,4630967
01071,1547774
01073,25035483
01075,494451
01077,2703225
01079,832483
01081,4801612
01083,2652258
01085,621645
01087,947709
01089,10701935
01091,818645
01093,1375225
01095,2722258
01097,9738709
01099,751451
01101,9366451
01103,3780000
01105,339193
01107,525032
01109,1016161
01111,651290
01113,1364967
01115,2885483
01117,7852258
01119,552322
01121,2829677
01123,1103483
01125,5952580
01127,2260322
01129,460612
01131,323645
01133,675354
04001,2211612
04003,4568064
04005,5257741
04007,5462903
04009,709193
04011,255741
04012,2640645
04013,101522580
04015,8251612
04017,5740967
04019,32141935
04021,10670000
04023,1129354
04025,5304516
04027,5001290
05001,654032
05003,639290
05005,876258
05007,6567096
05009,967774
05011,286354
05013,247903
05015,618000
05017,398612
05019,1016741
05021,441193
05023,737677
05025,269935
05027,621548
05029,756387
05031,3795483
05033,2180967
05035,2393548
05037,486225
05039,221483
05041,505419
05043,526451
05045,3386451
05047,733612
05049,417290
05051,3238064
05053,586870
05055,1126000
05057,819322
05059,1098193
05061,480483
05063,1211064
05065,222129
05067,500935
05069,2600967
05071,661129
05073,223000
05075,498193
05077,273290
05079,257838
05081,452483
05083,524645
05085,2725806
05087,492612
05089,312967
05091,1543741
05093,2030967
05095,427483
05097,211290
05099,721258
05101,202516
05103,675774
05105,258645
05107,440387
05109,370548
05111,657322
05113,438483
05115,1768064
05117,603870
05119,14427419
05121,614451
05123,1548387
05125,3745806
05127,257258
05129,183032
05131,3500645
05133,505322
05135,420935
05137,281516
05139,1391870
05141,464258
05143,5810967
05145,5097096
05147,235870
05149,616000
06001,33941935
06003,83161
06005,1534516
06007,5432580
06009,1287419
06011,1221064
06013,21203225
06015,478161
06017,5167096
06019,17358064
06021,972774
06023,2330967
06025,5268709
06027,945806
06029,24893548
06031,4955806
06033,1538419
06035,919032
06037,215161290
06039,3234193
06041,6700967
06043,1007000
06045,1749354
06047,8356451
06049,300322
06051,715322
06053,12211935
06055,4943225
06057,3310000
06059,71264516
06061,14545161
06063,446129
06065,81600000
06067,32706451
06069,1289967
06071,79629032
06073,78490322
06075,14280645
06077,20170967
06079,11643870
06081,21603225
06083,10282580
06085,46945161
06087,21654838
06089,6771290
06091,113729
06093,1725806
06095,10506129
06097,17561290
06099,15164193
06101,2556129
06103,3107096
06105,406774
06107,11165806
06109,1376129
06111,27664516
06113,6974516
06115,2693548
08001,12471612
08003,499258
08005,10600645
08007,418741
08009,170258
08011,128193
08013,7270000
08014,1375161
08015,436967
08017,111151
08019,636580
08021,146025
08023,91148
08025,81696
08027,85145
08029,546129
08031,21738709
08033,67948
08035,9051290
08037,2383225
08039,652516
08041,16535483
08043,1077645
08045,1709225
08047,387193
08049,1518032
08051,239354
08053,105516
08055,282064
08057,72548
08059,12953225
08061,176993
08063,501161
08065,178322
08067,1742580
08069,10619032
08071,539419
08073,718290
08075,626612
08077,4688387
08079,89432
08081,303387
08083,744290
08085,671354
08087,1038483
08089,429838
08091,159096
08093,536387
08095,134022
08097,456645
08099,562161
08101,3811935
08103,181903
08105,362870
08107,525677
08109,202161
08111,104964
08113,339580
08115,119722
08117,2036129
08119,681129
08121,114574
08123,8967741
08125,242612
09001,24725806
09003,24400000
09005,4567741
09007,5164838
09009,24548387
09011,8055161
09013,3375483
09015,3071290
10001,5107419
10003,14948709
10005,7402903
11001,18909677
12001,8472580
12003,793290
12005,6327096
12007,764225
12009,18835483
12011,46329032
12013,349548
12015,5319354
12017,4117741
12019,5205161
12021,9088709
12023,2655806
12027,807161
12029,377838
12031,33367741
12033,9430967
12035,3107096
12037,333774
12039,1846129
12041,414258
12043,399064
12045,463903
12047,1180129
12049,668580
12051,1154354
12053,4978709
12055,2311935
12057,57135483
12059,614612
12061,4361935
12063,1667741
12065,519612
12067,239935
12069,11360322
12071,19364516
12073,7657419
12075,1182193
12077,210516
12079,793774
12081,10440967
12083,12398387
12085,4397419
12086,56425806
12087,2674193
12089,2933870
12091,5221612
12093,1490000
12095,58187096
12097,11435483
12099,33758064
12101,14422903
12103,27767741
12105,22287096
12107,1710000
12109,9161612
12111,9450645
12113,4060322
12115,10980000
12117,13638387
12119,3847096
12121,1593548
12123,712032
12125,331870
12127,15612903
12129,780806
12131,3966451
12133,845967
13001,544838
13003,239774
13005,315645
13007,96038
13009,1217838
13011,765838
13013,2159354
13015,3785483
13017,528096
13019,560451
13021,6524193
13023,412516
13025,421774
13027,388322
13029,1562903
13031,1933225
13033,927387
13035,1312258
13037,165806
13039,2182580
13043,434096
13045,3359032
13047,2091935
13049,361032
13051,10289677
13053,470096
13055,544677
13057,7299032
13059,3251290
13061,81745
13063,9681290
13065,259225
13067,19748387
13069,1062322
13071,1122225
13073,3407419
13075,866709
13077,4809677
13079,350612
13081,1174967
13083,800806
13085,884225
13087,864096
13089,18264516
13091,574354
13093,828838
13095,3692258
13097,4223548
13099,459354
13101,126732
13103,1736451
13105,590032
13107,611935
13109,267645
13111,706677
13113,3053870
13115,2611290
13117,6196129
13119,1068967
13121,38003225
13123,881451
13125,111196
13127,3340967
13129,1819032
13131,658129
13133,800419
13135,25522580
13137,1207161
13139,5592580
13141,204193
13143,1149612
13145,921612
13147,639612
13149,297483
13151,8563548
13153,4206129
13155,224967
13157,2604516
13159,638645
13161,487451
13163,422483
13165,220032
13167,242870
13169,735419
13171,600451
13173,251709
13175,1948709
13177,934096
13179,1856774
13181,223903
13183,312129
13185,6438387
13187,926645
13189,751580
13191,500193
13193,376967
13195,632677
13197,241258
13199,577516
13201,238064
13205,624548
13207,1237161
13209,225000
13211,932516
13213,773516
13215,6633225
13217,2759032
13219,1447387
13221,325032
13223,4566774
13225,989354
13227,992903
13229,522903
13231,526548
13233,1038451
13235,273741
13237,649838
13239,60645
13241,646903
13243,242419
13245,6136129
13247,3040000
13249,172677
13251,358225
13253,346193
13255,1820000
13257,602580
13259,166483
13261,787290
13263,177225
13265,84219
13267,597645
13269,314000
13271,323516
13273,280419
13275,1187806
13277,2134193
13279,889677
13281,265774
13283,199354
13285,2300000
13287,506870
13289,269451
13291,716838
13293,653870
13295,1360064
13297,2489032
13299,1510161
13301,161190
13303,598000
13305,862580
13307,105864
13309,134832
13311,928903
13313,3357419
13315,216322
13317,331903
13319,320290
13321,518935
16001,10627096
16003,94061
16005,2091612
16007,165419
16009,137687
16011,1265806
16013,504032
16015,202345
16017,881935
16019,5131612
16021,186548
16023,204461
16025,36532
16027,4769032
16029,218045
16031,731258
16033,127416
16035,103483
16037,77054
16039,922838
16041,295935
16043,520612
16045,416935
16047,477419
16049,439032
16051,723096
16053,938516
16055,4764193
16057,635129
16059,63606
16061,96283
16063,144974
16065,746354
16067,820258
16069,998322
16071,229741
16073,729838
16075,490322
16077,291709
16079,505225
16081,210787
16083,2370967
16085,267290
16087,299129
17001,1622870
17003,139067
17005,727258
17007,1932580
17009,175129
17011,1126838
17013,128800
17015,431129
17017,408838
17019,5525161
17021,951677
17023,855677
17025,336774
17027,1150580
17029,1396387
17031,123612903
17033,451548
17035,467516
17037,3177419
17039,602322
17041,725935
17043,27341935
17045,443774
17047,193322
17049,2331612
17051,903064
17053,512870
17055,1114483
17057,777064
17059,169258
17061,289580
17063,2023225
17065,246064
17067,463096
17069,108606
17071,169590
17073,1319677
17075,1135483
17077,1382870
17079,225967
17081,2201612
17083,523870
17085,660290
17087,389548
17089,12097096
17091,3285806
17093,3610322
17095,1768935
17097,17066451
17099,3541935
17101,336645
17103,1413516
17105,1225483
17107,970741
17109,693129
17111,9025483
17113,5294516
17115,3415161
17117,1169225
17119,8737741
17121,1104258
17123,363838
17125,385741
17127,454258
17129,263838
17131,365387
17133,1030419
17135,989580
17137,949580
17139,333838
17141,1900645
17143,4228064
17145,525516
17147,493870
17149,475387
17151,95477
17153,175325
17155,213290
17157,926161
17159,461548
17161,3277096
17163,7182258
17165,750548
17167,6013870
17169,191677
17171,120709
17173,577290
17175,154735
17177,1205741
17179,4241290
17181,566290
17183,2054193
17185,361967
17187,803903
17189,656387
17191,444580
17193,531322
17195,1594967
17197,22532258
17199,2017096
17201,7960000
17203,1246419
18001,847709
18003,10090000
18005,2992258
18007,247258
18009,272741
18011,2699032
18013,434290
18015,534967
18017,960903
18019,3749677
18021,1010580
18023,955483
18025,408032
18027,839612
18029,1845806
18031,1041806
18033,1171387
18035,3023548
18037,1193096
18039,6330000
18041,459032
18043,2081290
18045,384741
18047,615967
18049,563032
18051,1477516
18053,1984193
18055,763064
18057,8283870
18059,2599677
18061,993645
18063,5390000
18065,1554193
18067,2740000
18069,1009677
18071,1358258
18073,1710967
18075,465000
18077,757709
18079,571032
18081,5215483
18083,1126774
18085,2042258
18087,1259096
18089,13573225
18091,3423548
18093,1097129
18095,3645483
18097,31667741
18099,1502000
18101,388516
18103,1161612
18105,3104193
18107,1038677
18109,1793548
18111,520935
18113,1205548
18115,114287
18117,536290
18119,413612
18121,362870
18123,465193
18125,324967
18127,5194193
18129,1088903
18131,345032
18133,962000
18135,599935
18137,826806
18139,398419
18141,7790967
18143,713935
18145,1561612
18147,691774
18149,546935
18151,1236225
18153,554709
18155,243419
18157,5639354
18159,547741
18161,170967
18163,5927741
18165,532322
18167,2981612
18169,838709
18171,231290
18173,1960000
18175,633258
18177,2270000
18179,695193
18181,806290
18183,857419
19001,447580
19003,107283
19005,390000
19007,318774
19009,156170
19011,613225
19013,3902258
19015,606741
19017,611967
19019,658838
19021,689548
19023,374548
19025,329861
19027,661322
19029,462870
19031,716064
19033,1442645
19035,440903
19037,371322
19039,426064
19041,524903
19043,416903
19045,1230548
19047,452677
19049,2642903
19051,200509
19053,270741
19055,529419
19057,962064
19059,599548
19061,2449032
19063,237683
19065,582451
19067,500354
19069,391687
19071,518645
19073,264354
19075,394967
19077,396612
19079,686806
19081,331219
19083,549709
19085,601290
19087,648193
19089,260300
19091,201883
19093,281948
19095,650161
19097,510032
19099,1219129
19101,437258
19103,3715161
19105,469258
19107,282322
19109,512245
19111,943645
19113,5716774
19115,302354
19117,287161
19119,319006
19121,415354
19123,557451
19125,940193
19127,1017000
19129,326645
19131,299596
19133,366322
19135,213738
19137,252870
19139,1091451
19141,446838
19143,136712
19145,314032
19147,348212
19149,767000
19151,189861
19153,16387096
19155,3495806
19157,796387
19159,135377
19161,350967
19163,4787419
19165,302354
19167,1100709
19169,2467419
19171,512354
19173,159319
19175,311774
19177,190696
19179,1004483
19181,1257580
19183,611096
19185,139541
19187,901193
19189,325900
19191,489967
19193,2705161
19195,298064
19197,313970
20001,418935
20003,215012
20005,450129
20007,179093
20009,736806
20011,446258
20013,360870
20015,1767096
20017,279032
20019,83554
20021,469741
20023,105948
20025,91490
20027,223516
20029,351032
20031,399548
20033,52564
20035,844967
20037,993483
20039,114648
20041,629225
20043,218741
20045,2536774
20047,129603
20049,79364
20051,1291193
20053,299000
20055,998096
20057,889677
20059,853193
20061,915580
20063,398806
20065,99864
20067,249677
20069,243806
20071,56645
20073,203451
20075,91003
20077,168209
20079,1039161
20081,208387
20083,52677
20085,343354
20087,440032
20089,76783
20091,16042580
20093,119658
20095,303548
20097,129541
20099,509935
20101,51951
20103,2056709
20105,90480
20107,342387
20109,123090
20111,1450516
20113,1048903
20115,361387
20117,253806
20119,173580
20121,1085580
20123,210967
20125,889580
20127,126906
20129,118183
20131,257709
20133,481000
20135,90251
20137,173848
20139,373258
20141,98335
20143,174680
20145,165193
20147,200806
20149,719419
20151,446032
20153,75677
20155,1833870
20157,209290
20159,308032
20161,1301774
20163,153167
20165,89148
20167,392161
20169,1859677
20171,212096
20173,12470967
20175,717645
20177,4915483
20179,112716
20181,372322
20183,97406
20185,139167
20187,71525
20189,216741
20191,910161
20193,678387
20195,294290
20197,262806
20199,73509
20201,177758
20203,72267
20205,251806
20207,88912
20209,5319354
21001,410516
21003,431387
21005,446903
21007,230096
21009,1024129
21011,250000
21013,585129
21015,5457419
21017,501225
21019,1405612
21021,932483
21023,194645
21025,179129
21027,426322
21029,2530645
21031,284903
21033,501032
21035,894354
21037,2151612
21039,195193
21041,722064
21043,640129
21045,241870
21047,2261935
21049,1013806
21051,608774
21053,157806
21055,267516
21057,119719
21059,3466774
21061,356677
21063,111774
21065,242129
21067,8802258
21069,326451
21071,1380935
21073,1500774
21075,239838
21077,543838
21079,334774
21081,897387
21083,1095741
21085,693645
21087,182290
21089,800258
21091,268870
21093,3827419
21095,362645
21097,417129
21099,782193
21101,1319677
21103,637903
21105,141729
21107,1386580
21109,230129
21111,22100000
21113,1159387
21115,446387
21117,3309677
21119,255870
21121,715838
21123,292419
21125,2147741
21127,370935
21129,145796
21131,188709
21133,405354
21135,277419
21137,510129
21139,289064
21141,712580
21143,515387
21145,2437096
21147,195322
21149,291322
21151,2651935
21153,202451
21155,340451
21157,1051580
21159,324354
21161,457290
21163,669903
21165,106461
21167,431258
21169,285354
21171,272387
21173,899354
21175,185277
21177,711935
21179,1002677
21181,165758
21183,525064
21185,1541935
21187,269967
21189,70709
21191,316580
21193,579967
21195,1219322
21197,350451
21199,1736129
21201,56922
21203,454064
21205,685290
21207,382645
21209,1732258
21211,1581290
21213,1143774
21215,409741
21217,651548
21219,326967
21221,496645
21223,251096
21225,317838
21227,3557419
21229,263096
21231,277032
21233,318612
21235,1238870
21237,200483
21239,678419
22001,1688064
22003,624741
22005,3288709
22007,530451
22009,784290
22011,831806
22013,493032
22015,4091935
22017,11949032
22019,7737419
22021,206903
22023,377032
22025,295774
22027,426483
22029,507516
22031,1030290
22033,17387741
22035,162967
22037,414129
22039,616451
22041,493096
22043,514741
22045,1743870
22047,1085483
22049,345290
22051,13650000
22053,1030322
22055,6668064
22057,3150000
22059,455451
22061,1651161
22063,3674838
22065,774838
22067,595000
22069,1043225
22071,9821290
22073,5029032
22075,761935
22077,581483
22079,4031612
22081,424548
22083,732258
22085,663096
22087,895741
22089,1816870
22091,282806
22093,740580
22095,1088935
22097,2703870
22099,1641935
22101,1508645
22103,8180000
22105,4549032
22107,167000
22109,4277741
22111,590387
22113,1407451
22115,952161
22117,855225
22119,1268935
22121,1308129
22123,336774
22125,369354
22127,365354
23001,2368709
23003,2232354
23005,7431612
23007,800935
23009,1189451
23011,3146774
23013,1045258
23015,766096
23017,1566838
23019,4520322
23021,517225
23023,837064
23025,2495806
23027,863935
23029,883580
23031,4014193
24001,2763870
24003,16700000
24005,16726129
24009,2394838
24011,990903
24013,5160322
24015,3822258
24017,3423870
24019,923935
24021,8674516
24023,1184903
24025,6791935
24027,8698709
24029,662548
24031,20019354
24033,20387096
24035,1770967
24037,2166451
24039,591451
24041,1306580
24043,4826129
24045,3062258
24047,2021612
24510,14048709
25001,8194193
25003,3198709
25005,14542258
25007,258064
25009,18258064
25011,1604838
25013,11151935
25015,3254838
25017,41735483
25019,167109
25021,17712903
25023,13532580
25025,20661290
25027,22216129
26001,248612
26003,414806
26005,3822258
26007,600387
26009,868548
26011,535419
26013,159483
26015,1509838
26017,2819032
26019,575322
26021,5498064
26023,1251548
26025,4243870
26027,1286387
26029,816709
26031,604225
26033,769032
26035,1132064
26037,2158451
26039,750645
26041,1289290
26043,865741
26045,3763548
26047,1373774
26049,12243870
26051,563225
26053,568709
26055,2726774
26057,1098483
26059,959645
26061,748645
26063,895548
26065,7582903
26067,1535129
26069,650193
26071,248483
26073,1952806
26075,4209354
26077,7021290
26079,560129
26081,15180967
26083,50458
26085,294387
26087,2238387
26089,747870
26091,2154838
26093,5840967
26095,258903
26097,525354
26099,18419354
26101,831774
26103,1264483
26105,1004935
26107,1104193
26109,513258
26111,2428064
26113,362354
26115,4645806
26117,1544645
26119,265032
26121,4060967
26123,1197870
26125,31832258
26127,878322
26129,788193
26131,201548
26133,777354
26135,225290
26137,1174225
26139,8321612
26141,310193
26143,846451
26145,6407419
26147,4709677
26149,1435354
26151,996000
26153,253032
26155,1671548
26157,1356741
26159,2502580
26161,10773548
26163,57203225
26165,1193451
27001,510096
27003,7420000
27005,1009290
27007,1236354
27009,952000
27011,125548
27013,2575935
27015,802290
27017,1235677
27019,2716451
27021,857129
27023,280051
27025,1350225
27027,1315387
27029,192612
27031,210893
27033,393080
27035,1846129
27037,9350967
27039,690451
27041,1251258
27043,481774
27045,529225
27047,1306806
27049,1266580
27051,190577
27053,26787096
27055,507806
27057,489064
27059,927612
27061,1019580
27063,276200
27065,393741
27067,1057258
27069,113693
27071,322161
27073,201558
27075,467451
27077,198800
27079,820290
27081,165470
27083,681419
27085,1000903
27087,114364
27089,184767
27091,622516
27093,518483
27095,936516
27097,885548
27099,733354
27101,203783
27103,848612
27105,607767
27107,186119
27109,4475806
27111,1582032
27113,388870
27115,886451
27117,352129
27119,869870
27121,336306
27123,11213548
27125,87558
27127,445538
27129,417577
27131,1802290
27133,313538
27135,278129
27137,5383225
27139,3331935
27141,2366774
27143,352496
27145,4890967
27147,1153935
27149,239009
27151,246719
27153,578774
27155,71844
27157,714161
27159,381935
27161,473741
27163,6980000
27165,283206
27167,184032
27169,1116322
27171,3989032
27173,230851
28001,747290
28003,1222580
28005,345258
28007,522451
28009,205580
28011,833129
28013,392645
28015,417451
28017,388322
28019,247064
28021,344451
28023,461354
28025,468161
28027,557419
28029,760096
28031,526741
28033,5569032
28035,2184193
28037,255806
28039,494677
28041,341709
28043,803161
28045,1354129
28047,8272580
28049,5188064
28051,534645
28053,148516
28055,87751
28057,658387
28059,4212903
28061,601419
28063,227645
28065,246903
28067,1727096
28069,425064
28071,1437161
28073,2058709
28075,2609677
28077,337870
28079,486129
28081,3321935
28083,703225
28085,1068677
28087,1767096
28089,3708387
28091,627645
28093,1138548
28095,976451
28097,395548
28099,681419
28101,742032
28103,349774
28105,1385774
28107,1123935
28109,1590000
28111,295903
28113,1232483
28115,841129
28117,685354
28119,167774
28121,5726129
28123,1039129
28125,173838
28127,928451
28129,421161
28131,404709
28133,685161
28135,337354
28137,775354
28139,649483
28141,575709
28143,531000
28145,941290
28147,334129
28149,1766129
28151,911935
28153,473225
28155,278838
28157,199193
28159,462387
28161,329290
28163,558354
29001,610419
29003,350516
29005,325032
29007,512000
29009,1076838
29011,327225
29013,533741
29015,479451
29017,257967
29019,4735161
29021,2669354
29023,1316032
29025,276403
29027,1495000
29029,1406258
29031,1842903
29033,249903
29035,208645
29037,3453225
29039,323806
29041,291354
29043,2266451
29045,265000
29047,6939032
29049,604193
29051,2016129
29053,839903
29055,880677
29057,209509
29059,416548
29061,256741
29063,489967
29065,289419
29067,328677
29069,688451
29071,3612580
29073,376322
29075,163132
29077,11036774
29079,242574
29081,496451
29083,727290
29085,217593
29087,212322
29089,236780
29091,960193
29093,247193
29095,20216451
29097,3800000
29099,6787096
29101,1306903
29103,115606
29105,1040096
29107,1143709
29109,1118870
29111,300580
29113,1400193
29115,317483
29117,442741
29119,697032
29121,551129
29123,334483
29125,232645
29127,1116903
29129,106364
29131,828032
29133,625161
29135,377161
29137,193622
29139,412935
29141,435225
29143,1491903
29145,2242258
29147,564838
29149,214419
29151,566870
29153,232838
29155,709419
29157,592612
29159,1116290
29161,1619032
29163,502354
29165,4385161
29167,686419
29169,1136774
29171,113309
29173,415322
29175,626516
29177,621548
29179,155774
29181,236935
29183,10334193
29185,331451
29186,635612
29187,1563225
29189,26696774
29195,803032
29197,102177
29199,99096
29201,1118645
29203,190225
29205,172958
29207,799225
29209,964419
29211,174248
29213,3320645
29215,483967
29217,611677
29219,1411290
29221,464129
29223,254774
29225,1119806
29227,51793
29229,635774
29510,10601935
30001,537903
30003,544741
30005,133429
30007,257354
30009,247000
30011,66622
30013,2062258
30015,98445
30017,368709
30019,51812
30021,460612
30023,187870
30025,76564
30027,207190
30029,3097741
30031,2066129
30033,56631
30035,338290
30037,22646
30039,114109
30041,416870
30043,285000
30045,84193
30047,619870
30049,2582258
30051,52574
30053,281064
30055,63464
30057,323806
30059,63377
30061,379903
30063,5823225
30065,123480
30067,492774
30069,19181
30071,88083
30073,118374
30075,113154
30077,163577
30079,29691
30081,687096
30083,309870
30085,361838
30087,214387
30089,195709
30091,74058
30093,1015096
30095,341774
30097,208451
30099,188767
30101,239709
30103,69703
30105,160745
30107,69606
30109,28209
30111,4580000
31001,863129
31003,158380
31005,22508
31007,21319
31009,24546
31011,176719
31013,295677
31015,48512
31017,106922
31019,1607419
31021,184170
31023,191974
31025,908612
31027,205570
31029,117670
31031,233935
31033,1203322
31035,169322
31037,221096
31039,227690
31041,334774
31043,443225
31045,257870
31047,1031483
31049,421032
31051,167483
31053,1111387
31055,12334516
31057,55541
31059,200458
31061,91593
31063,94625
31065,148887
31067,631322
31069,62987
31071,65009
31073,54000
31075,62767
31077,61406
31079,2378387
31081,421838
31083,146896
31085,30090
31087,93680
31089,302838
31091,30229
31093,199225
31095,206103
31097,134770
31099,170390
31101,927387
31103,40835
31105,176738
31107,265225
31109,8642580
31111,1970967
31113,34267
31115,23790
31117,25377
31119,1081258
31121,248612
31123,156838
31125,148409
31127,224745
31129,131916
31131,532322
31133,89906
31135,94793
31137,289064
31139,180935
31141,795096
31143,121703
31145,361806
31147,208061
31149,58087
31151,580000
31153,4231612
31155,589516
31157,1028129
31159,645483
31161,151335
31163,72783
31165,50203
31167,122780
31169,198387
31171,37964
31173,157848
31175,137229
31177,634322
31179,239000
31181,134503
31183,32848
31185,1042580
32001,696774
32003,57770967
32005,1639032
32007,2963548
32009,81096
32011,335806
32013,911032
32015,276838
32017,246129
32019,1584903
32021,300709
32023,2340322
32027,414064
32029,475064
32031,13954838
32033,347677
32510,1199483
33001,1857419
33003,1905806
33005,1755161
33007,1328290
33009,5408709
33011,12759354
33013,4768064
33015,10259677
33017,3336774
33019,743645
34001,8468064
34003,23100000
34005,14038709
34007,11652580
34009,3793225
34011,3840000
34013,16465161
34015,8631290
34017,15268064
34019,3982580
34021,10216774
34023,23496774
34025,20106451
34027,16819677
34029,18067741
34031,8821290
34033,2261290
34035,10178709
34037,5044838
34039,12910645
34041,3808064
35001,16451612
35003,90890
35005,1906774
35006,1633870
35007,798774
35009,1084161
35011,124948
35013,5435806
35015,3771935
35017,582096
35019,1503806
35021,19028
35023,789903
35025,3489677
35027,945193
35028,314322
35029,937838
35031,2929032
35033,167116
35035,1457741
35037,1873225
35039,1641935
35041,489064
35043,4410322
35045,4107741
35047,1679032
35049,3692580
35051,342870
35053,606741
35055,681322
35057,1381290
35059,299580
35061,1499451
36001,9093870
36003,978516
36005,18451612
36007,5423548
36009,1609032
36011,1460354
36013,3021935
36015,2345161
36017,1227032
36019,1603419
36021,1558064
36023,1506129
36025,1090870
36027,8097096
36029,18564516
36031,974967
36033,1552064
36035,1373967
36037,2012580
36039,1361580
36041,255451
36043,2393225
36045,2878709
36047,35035483
36049,714064
36051,1954548
36053,1582967
36055,17599354
36057,1702290
36059,33261290
36061,29180645
36063,5136774
36065,5649032
36067,12865483
36069,3307096
36071,12399354
36073,962064
36075,3060645
36077,2200967
36079,2609354
36081,40567741
36083,4180322
36085,7592580
36087,8707419
36089,2187096
36091,6829032
36093,3450967
36095,586677
36097,561709
36099,1513870
36101,2579677
36103,55880645
36105,2433225
36107,1436548
36109,1789612
36111,5747096
36113,3231612
36115,1352096
36117,2655483
36119,24854838
36121,1239387
36123,622032
37001,5453548
37003,809129
37005,206387
37007,650806
37009,583193
37011,508741
37013,1041387
37015,317967
37017,829419
37019,3389032
37021,8434838
37023,2921935
37025,7205161
37027,1969032
37029,276516
37031,2453870
37033,460838
37035,6086129
37037,1744193
37039,699193
37041,350516
37043,187677
37045,2987419
37047,1647419
37049,2705806
37051,8055483
37053,941032
37055,1463225
37057,4548387
37059,1318096
37061,1570967
37063,9110967
37065,1084677
37067,11695483
37069,1480129
37071,8735806
37073,283419
37075,137177
37077,1775806
37079,397419
37081,18948387
37083,1548709
37085,3053548
37087,1807096
37089,3162903
37091,582258
37093,985322
37095,115264
37097,8081290
37099,1247870
37101,6421290
37103,308290
37105,1577838
37107,1497838
37109,2554838
37111,1092193
37113,730000
37115,371387
37117,754290
37119,41383870
37121,331935
37123,792806
37125,2545161
37127,3056774
37129,6339677
37131,617903
37133,4767741
37135,3649354
37137,313354
37139,1095516
37141,1968709
37143,290387
37145,912645
37147,4092258
37149,550709
37151,3618709
37153,1338290
37155,3074193
37157,2412258
37159,4945806
37161,1695483
37163,1570225
37165,952419
37167,1975806
37169,1411935
37171,2318387
37173,477483
37175,701451
37177,107087
37179,11917096
37181,1316709
37183,33777419
37185,438838
37187,328645
37189,1707451
37191,3902580
37193,1556774
37195,2699032
37197,1157322
37199,302129
38001,50735
38003,317580
38005,167706
38007,96819
38009,425806
38011,173935
38013,118083
38015,2062580
38017,4590645
38019,93070
38021,126932
38023,151022
38025,411096
38027,47874
38029,134787
38031,154519
38033,201774
38035,2021193
38037,38848
38039,73891
38041,51500
38043,148258
38045,101832
38047,57920
38049,262935
38051,83607
38053,1065774
38055,277774
38057,216064
38059,987806
38061,660193
38063,86135
38065,55251
38067,280683
38069,108287
38071,459600
38073,156112
38075,77406
38077,473893
38079,239483
38081,125256
38083,39509
38085,75006
38087,19685
38089,1051483
38091,38247
38093,805935
38095,40344
38097,245887
38099,231061
38101,1607870
38103,120577
38105,1420387
39001,671225
39003,4118709
39005,1607709
39007,3149677
39009,1479387
39011,1688645
39013,3169032
39015,1192483
39017,11594516
39019,717774
39021,964516
39023,3873870
39025,5725483
39027,1499967
39029,3244516
39031,846096
39033,1440483
39035,34970967
39037,1263419
39039,1044645
39041,8111612
39043,3186774
39045,4049354
39047,1553870
39049,42464516
39051,1553290
39053,1010000
39055,3109677
39057,5661935
39059,1801290
39061,24932258
39063,3067419
39065,815774
39067,503451
39069,1006677
39071,1036516
39073,788064
39075,997709
39077,1700225
39079,974161
39081,1717419
39083,1388354
39085,6608064
39087,1531774
39089,6019032
39091,1554032
39093,8324516
39095,12357096
39097,1801032
39099,5239677
39101,1819903
39103,5819354
39105,510064
39107,1218806
39109,3044516
39111,562000
39113,18600000
39115,334612
39117,1085548
39119,2872903
39121,501741
39123,1441935
39125,569354
39127,894645
39129,1680645
39131,841806
39133,6035161
39135,1383483
39137,966612
39139,4550967
39141,2197419
39143,2425483
39145,2148709
39147,1247064
39149,1643225
39151,10751935
39153,18543548
39155,6855483
39157,3170322
39159,2041870
39161,1158096
39163,201393
39165,7254193
39167,2101290
39169,2970645
39171,1629354
39173,6201612
39175,1114903
40001,341838
40003,206935
40005,672709
40007,224129
40009,1829354
40011,514354
40013,1674516
40015,1017903
40017,6461612
40019,2218064
40021,863129
40023,438903
40025,192709
40027,6832258
40029,222096
40031,2819354
40033,405387
40035,921354
40037,1915806
40039,1592903
40041,967354
40043,333516
40045,210677
40047,1769838
40049,1279612
40051,2281290
40053,171483
40055,143000
40057,60580
40059,157954
40061,371096
40063,436096
40065,735741
40067,173548
40069,326677
40071,1523870
40073,902225
40075,224387
40077,357612
40079,1177419
40081,1108258
40083,1315870
40085,859677
40087,2386774
40089,887451
40091,936032
40093,394032
40095,501709
40097,1207161
40099,516387
40101,2140645
40103,517322
40105,258870
40107,449516
40109,23000000
40111,1044838
40113,1273677
40115,817193
40117,473580
40119,2171935
40121,1545483
40123,1115516
40125,2245806
40127,302967
40129,152967
40131,2445806
40133,726516
40135,1273354
40137,1109612
40139,761193
40141,193225
40143,22261290
40145,1880645
40147,1052258
40149,339193
40151,370548
40153,845709
41001,697612
41003,1652709
41005,8795806
41007,1394193
41009,1301903
41011,1113741
41013,482000
41015,535290
41017,4131935
41019,3226451
41021,158738
41023,120212
41025,149612
41027,985516
41029,6271612
41031,503483
41033,1645483
41035,2175806
41037,213612
41039,7609354
41041,1200967
41043,2601612
41045,3229354
41047,11813225
41049,912645
41051,16680645
41053,1742258
41055,368032
41057,772806
41059,2531290
41061,1089838
41063,119319
41065,1018774
41067,12487741
41069,64309
41071,1989354
42001,2910645
42003,34464516
42005,1869354
42007,4314838
42009,2248709
42011,11051290
42013,2957741
42015,1592935
42017,15537741
42019,6550322
42021,3225483
42023,110232
42025,1900000
42027,4745806
42029,10771612
42031,1073000
42033,2171612
42035,1709290
42037,2154516
42039,1965161
42041,9674516
42043,9581612
42045,11420967
42047,817032
42049,7437741
42051,3523870
42053,184806
42055,4222580
42057,756096
42059,2114516
42061,1017258
42063,2120645
42065,3217741
42067,568258
42069,4780967
42071,14462580
42073,2215483
42075,4035483
42077,9102903
42079,9310322
42081,3858387
42083,1154064
42085,4185806
42087,955258
42089,4682258
42091,28274193
42093,690677
42095,7546774
42097,1975483
42099,1094354
42101,29374193
42103,1824193
42105,483354
42107,3686774
42109,1304000
42111,4122580
42113,179812
42115,2245806
42117,1327677
42119,1447806
42121,1724838
42123,749741
42125,7316451
42127,1032129
42129,9574516
42131,839935
42133,11820645
44001,934903
44003,3471935
44005,2213548
44007,12921935
44009,3818064
45001,699580
45003,4081612
45005,259806
45007,7170322
45009,411612
45011,599161
45013,4909032
45015,4935483
45017,626741
45019,12578064
45021,2120645
45023,1020870
45025,1324225
45027,1071516
45029,1664516
45031,2168064
45033,1581935
45035,3604838
45037,589935
45039,688870
45041,6019354
45043,1903870
45045,13912903
45047,1732580
45049,735387
45051,10050322
45053,1451935
45055,2948064
45057,2161935
45059,1737741
45061,625838
45063,9358709
45065,194032
45067,733225
45069,613903
45071,1281225
45073,1831290
45075,3110645
45077,3276451
45079,12859354
45081,448870
45083,10174193
45085,2593548
45087,650387
45089,818064
45091,7266451
46003,166483
46005,331354
46007,86654
46009,130787
46011,826612
46013,925387
46015,282258
46017,34266
46019,397516
46021,96074
46023,199658
46025,90812
46027,382677
46029,1186806
46031,83619
46033,197225
46035,727677
46037,146893
46039,108422
46041,147103
46043,79351
46045,124222
46047,260290
46049,46024
46051,203864
46053,119109
46055,74116
46057,189751
46059,118761
46061,89883
46063,180041
46065,404709
46067,222451
46069,55190
46071,218709
46073,59893
46075,167835
46077,140148
46079,293045
46081,1017677
46083,1827580
46085,294419
46087,221548
46089,76951
46091,127290
46093,848903
46095,46948
46097,63573
46099,5147096
46101,180832
46102,176870
46103,3906451
46105,97987
46107,99067
46109,271903
46111,57291
46115,188025
46117,102387
46119,50006
46121,131938
46123,165674
46125,201183
46127,688387
46129,114170
46135,591741
46137,58767
47001,2055161
47003,1268387
47005,515612
47007,300935
47009,3309032
47011,3243870
47013,1019709
47015,317064
47017,745354
47019,1142612
47021,1198354
47023,406129
47025,514967
47027,143225
47029,961129
47031,1948064
47033,311193
47035,2112580
47037,24729032
47039,381387
47041,395806
47043,1548709
47045,1433000
47047,1076032
47049,338774
47051,1019354
47053,1391741
47055,930451
47057,456774
47059,1976129
47061,355032
47063,1646129
47065,11232580
47067,68635
47069,510193
47071,674129
47073,1056000
47075,571000
47077,792806
47079,920774
47081,765032
47083,170677
47085,765064
47087,163967
47089,2030000
47091,248000
47093,15764516
47095,144290
47097,600967
47099,1086354
47101,292193
47103,994290
47105,1911935
47107,1477419
47109,678000
47111,522129
47113,4650000
47115,1451935
47117,893806
47119,2328709
47121,275258
47123,1125193
47125,5354838
47127,174580
47129,365935
47131,1398032
47133,487064
47135,185774
47137,118974
47139,418709
47141,2314838
47143,845870
47145,1305612
47147,2251935
47149,9326774
47151,396806
47153,316064
47155,4828064
47157,24032258
47159,648193
47161,344129
47163,5338064
47165,6389032
47167,1458129
47169,182225
47171,401967
47173,350161
47175,140870
47177,873064
47179,3524516
47181,350806
47183,1017612
47185,608903
47187,7373870
47189,6047419
48001,1439161
48003,786225
48005,2393870
48007,732064
48009,310806
48011,162354
48013,1779677
48015,1046903
48017,231387
48019,547516
48021,2297741
48023,162612
48025,723161
48027,10229677
48029,60919354
48031,438322
48033,138554
48035,611161
48037,3459354
48039,11134193
48041,6330322
48043,239096
48045,80145
48047,468483
48049,1120064
48051,682096
48053,1566774
48055,1573870
48057,773580
48059,735258
48061,9078387
48063,349903
48065,470741
48067,1249354
48069,301612
48071,2779032
48073,1280322
48075,609516
48077,545322
48079,179393
48081,178000
48083,424354
48085,26951612
48087,85022
48089,1044935
48091,5756774
48093,482451
48095,163483
48097,1623225
48099,1478354
48101,77003
48103,291677
48105,367580
48107,161474
48109,1193516
48111,383419
48113,84529032
48115,495354
48117,592903
48119,150706
48121,26364516
48123,856741
48125,101541
48127,679322
48129,349612
48131,465580
48133,1096096
48135,6739354
48137,101261
48139,7008064
48141,18235483
48143,1101548
48145,433354
48147,985548
48149,1208290
48151,220129
48153,259645
48155,55190
48157,15974193
48159,560322
48161,840354
48163,935096
48165,642354
48167,12159032
48169,297096
48171,999516
48173,452451
48175,318322
48177,1279774
48179,642354
48181,4276451
48183,4972903
48185,717677
48187,4504516
48189,1177548
48191,263483
48193,369419
48195,254129
48197,369548
48199,1976774
48201,154448387
48203,2759032
48205,176554
48207,280129
48209,5375161
48211,200709
48213,2383225
48215,17217741
48217,1721612
48219,654612
48221,1544709
48223,1592258
48225,746129
48227,1901935
48229,350419
48231,3890967
48233,841838
48235,176280
48237,379354
48239,687645
48241,1123709
48243,115077
48245,8809032
48247,222516
48249,1303193
48251,6555161
48253,491548
48255,1177129
48257,5314838
48259,1499387
48261,100767
48263,119338
48265,1272064
48267,565000
48269,49922
48271,118532
48273,1112903
48275,194322
48277,1769354
48279,447645
48281,672000
48283,1265516
48285,676516
48287,735516
48289,1020387
48291,3154193
48293,629161
48295,197164
48297,1116806
48299,624774
48301,518419
48303,9150000
48305,205129
48307,357096
48309,9116451
48311,339129
48313,1011838
48315,430290
48317,748354
48319,177870
48321,1088258
48323,1019677
48325,1587096
48327,102061
48329,7924193
48331,731677
48333,183129
48335,368677
48337,646967
48339,15982258
48341,652387
48343,405774
48345,95512
48347,1544967
48349,1556129
48351,373870
48353,1155870
48355,11397741
48357,341612
48359,550354
48361,3102258
48363,995258
48365,1143032
48367,5102580
48369,347000
48371,1880322
48373,1621290
48375,5853548
48377,203225
48379,366354
48381,3543870
48383,672774
48385,103141
48387,388290
48389,2477741
48391,638290
48393,55445
48395,663290
48397,3985483
48399,381516
48401,1580000
48403,344064
48405,374129
48407,751096
48409,2161290
48411,215258
48413,120400
48415,633741
48417,161816
48419,717161
48421,278677
48423,7560967
48425,368516
48427,1198967
48429,304354
48431,155961
48433,99148
48435,693096
48437,288870
48439,75264516
48441,4779032
48443,311793
48445,355225
48447,110048
48449,1082193
48451,3612580
48453,38900000
48455,397193
48457,644451
48459,1338000
48461,612451
48463,675967
48465,879677
48467,2156451
48469,3020645
48471,2092903
48473,2598709
48475,1346483
48477,1071774
48479,5863225
48481,1673870
48483,383709
48485,3980967
48487,565451
48489,590548
48491,16372580
48493,1648387
48495,973612
48497,2964516
48499,1417677
48501,556741
48503,524709
48505,443935
48507,335096
49001,729483
49003,1965483
49005,2179032
49007,642387
49009,40926
49011,7057096
49013,755709
49015,511806
49017,257258
49019,773225
49021,2074193
49023,894967
49025,308967
49027,796935
49029,275870
49031,136190
49033,139380
49035,26887096
49037,774290
49039,573064
49041,892870
49043,3633548
49045,1907419
49047,792354
49049,13291290
49051,1126258
49053,4062258
49055,53858
49057,5579354
50001,637064
50003,824419
50005,790677
50007,3485483
50009,126645
50011,713483
50013,230677
50015,649129
50017,1013677
50019,690806
50021,1308580
50023,1115645
50025,1314000
50027,1733870
51001,802838
51003,2786774
51005,481225
51007,308096
51009,828225
51011,416483
51013,5358387
51015,2038387
51017,110448
51019,1861612
51021,447000
51023,2314838
51025,523193
51027,271161
51029,278741
51031,1459258
51033,1905483
51035,935709
51036,192483
51037,253129
51041,8796774
51043,352483
51045,58670
51047,1063129
51049,151258
51051,243709
51053,843741
51057,390483
51059,22658064
51061,1801935
51063,298129
51065,432258
51067,1102161
51069,2917419
51071,399096
51073,1109419
51075,788774
51077,184161
51079,414032
51081,603161
51083,810967
51085,4447419
51087,11208387
51089,1147548
51091,16304
51093,1073935
51095,1809677
51097,207483
51099,907774
51101,520354
51103,270516
51105,424870
51107,12066451
51109,1057032
51111,208096
51113,260354
51115,237258
51117,1351290
51119,270161
51121,2325806
51125,452322
51127,858612
51131,389838
51133,260838
51135,391354
51137,757193
51139,457258
51141,346161
51143,1141645
51145,755419
51147,538225
51149,1398483
51153,10449677
51155,969548
51157,391645
51159,210677
51161,2343870
51163,1936451
51165,2015483
51167,630161
51169,404419
51171,2076129
51173,709645
51175,522516
51177,3726451
51179,3935806
51181,183322
51183,791612
51185,1232193
51187,1059903
51191,1771290
51193,436483
51195,763806
51197,2431935
51199,1793870
51510,2863548
51520,782903
51530,118448
51540,1611903
51550,5825161
51570,744967
51580,180225
51590,1302741
51595,570677
51600,948677
51610,432935
51620,302258
51630,1237096
51640,201580
51650,2968709
51660,1545580
51670,719774
51678,226935
51680,2232903
51683,935387
51685,268645
51690,314677
51700,4510967
51710,6033870
51720,213516
51730,880903
51735,188967
51740,2465483
51750,290645
51760,5974193
51770,3347096
51775,1002806
51790,643451
51800,2986774
51810,9680000
51820,632451
51830,583193
51840,881225
53001,1157129
53003,315516
53005,5893225
53007,1651290
53009,1321483
53011,11077741
53013,118870
53015,2195806
53017,1264096
53019,112864
53021,2158709
53023,49787
53025,2030000
53027,2743548
53029,1491903
53031,823225
53033,43677419
53035,4369032
53037,2407096
53039,434935
53041,2501290
53043,351193
53045,1350451
53047,818161
53049,457548
53051,294419
53053,17496774
53055,204838
53057,4248064
53059,380387
53061,20806451
53063,10237741
53065,831548
53067,5743870
53069,84229
53071,1084451
53073,3749032
53075,1138516
53077,5979032
54001,286322
54003,3225806
54005,678322
54007,820193
54009,766612
54011,2459677
54013,75574
54015,148916
54017,228193
54019,811774
54021,141696
54023,180829
54025,1014870
54027,415193
54029,880064
54031,321064
54033,4176129
54035,1091677
54037,1486774
54039,5402580
54041,604935
54043,451806
54045,709451
54047,252835
54049,1274258
54051,1113258
54053,674548
54055,1484193
54057,481806
54059,367580
54061,2670000
54063,260419
54065,406129
54067,701451
54069,1895483
54071,123561
54073,219806
54075,247258
54077,672161
54079,1775161
54081,2360967
54083,563967
54085,389483
54087,315193
54089,244677
54091,304870
54093,202838
54095,500709
54097,508935
54099,809000
54101,118845
54103,543709
54105,157483
54107,2587741
54109,279387
55001,547580
55003,479193
55005,1220870
55007,346967
55009,6662580
55011,564000
55013,478645
55015,1274225
55017,1882580
55019,968387
55021,2028387
55023,622000
55025,13402580
55027,2297419
55029,1207225
55031,1012806
55033,1262419
55035,3007096
55037,133451
55039,3051612
55041,260967
55043,1521193
55045,1009806
55047,503645
55049,739483
55051,177419
55053,891225
55055,2502580
55057,1126677
55059,4650322
55061,559387
55063,3203225
55065,501451
55067,491516
55069,789967
55071,1567612
55073,3741935
55075,1262645
55077,435774
55078,68551
55079,21725806
55081,2056774
55083,1041032
55085,1250419
55087,6190000
55089,3000322
55091,204774
55093,1129483
55095,1604193
55097,2026129
55099,289225
55101,4361290
55103,384838
55105,4776129
55107,299741
55109,2648709
55111,3282580
55113,619516
55115,966709
55117,2877741
55119,529903
55121,935193
55123,535838
55125,776516
55127,3529032
55129,420967
55131,4072258
55133,12352903
55135,1385580
55137,642064
55139,4566129
55141,2531935
56001,1966290
56003,488580
56005,1576161
56007,1419516
56009,873064
56011,443709
56013,768290
56015,403677
56017,141254
56019,318387
56021,4996451
56023,470322
56025,2594193
56027,241061
56029,1018709
56031,454258
56033,745129
56035,252096
56037,3002258
56039,652032
56041,1799483
56043,120264
56045,169922
